<application>
  <component name="LafManager">
    <laf themeId="intellij_github_dark_theme" />
    <lafs-to-previous-schemes>
      <laf-to-scheme laf="Darcula" scheme="_@user_Darcula" />
      <laf-to-scheme laf="ExperimentalDark" scheme="Ikisen GitHub Dark" />
      <laf-to-scheme laf="dinbtechit-7ef0c378d737e162955f3e028dcf9ccb" scheme="_@user_VSCode Dark" />
      <laf-to-scheme laf="intellij_github_dark_theme" scheme="Ikisen GitHub Dark" />
    </lafs-to-previous-schemes>
  </component>
</application>