<application>
  <component name="LafManager">
    <laf themeId="intellij_github_dark_theme" />
    <lafs-to-previous-schemes>
      <laf-to-scheme laf="Darcula" scheme="_@user_Darcula" />
      <laf-to-scheme laf="ExperimentalDark" scheme="Ikisen GitHub Dark" />
      <laf-to-scheme laf="ExperimentalLightWithLightHeader" scheme="_@user_Xcode Light" />
      <laf-to-scheme laf="ae7a917c-04b2-4468-bab7-6ddd4c43f879" scheme="_@user_Xcode Light" />
      <laf-to-scheme laf="dinbtechit-7ef0c378d737e162955f3e028dcf9ccb" scheme="_@user_VSCode Dark" />
      <laf-to-scheme laf="intellij_github_dark_theme" scheme="_@user_Default" />
    </lafs-to-previous-schemes>
  </component>
</application>