<keymap version="1" name="GNOME copy" parent="Default for GNOME">
  <action id="Arrangement.Alias.Rule.Add" />
  <action id="Arrangement.Rule.Add" />
  <action id="CommentByBlockComment">
    <keyboard-shortcut first-keystroke="shift ctrl slash" />
    <keyboard-shortcut first-keystroke="shift ctrl divide" />
    <keyboard-shortcut first-keystroke="shift ctrl colon" />
  </action>
  <action id="EditorScrollToCenter" />
  <action id="FileChooser.TogglePathBar" />
  <action id="NewElement" />
  <action id="ParameterInfo" />
  <action id="PhpGeneratePhpDocBlocks">
    <keyboard-shortcut first-keystroke="ctrl p" />
  </action>
  <action id="PhpNewClass">
    <keyboard-shortcut first-keystroke="ctrl m" />
  </action>
  <action id="ServiceView.AddService" />
  <action id="Uml.NewElement" />
  <action id="Vcs.ShowMessageHistory" />
</keymap>