<application>
  <component name="ProjectManager">
    <defaultProject>
      <component name="ComposerSettings">
        <execution />
      </component>
      <component name="PropertiesComponent">{
  &quot;keyToString&quot;: {
    &quot;settings.editor.selected.configurable&quot;: &quot;preferences.pluginManager&quot;
  }
}</component>
      <component name="WindowStateProjectService">
        <state x="464" y="150" width="992" height="737" key="SettingsEditor" timestamp="1711566373362">
          <screen x="0" y="27" width="1920" height="976" />
        </state>
        <state x="464" y="150" width="992" height="737" key="SettingsEditor/0.27.1920.976" timestamp="1711566373362" />
      </component>
    </defaultProject>
  </component>
</application>